<?xml version="1.0" encoding="UTF-8"?>
<project-private xmlns="http://www.netbeans.org/ns/project-private/1">
    <editor-bookmarks xmlns="http://www.netbeans.org/ns/editor-bookmarks/2" lastBookmarkId="0"/>
    <open-files xmlns="http://www.netbeans.org/ns/projectui-open-files/2">
        <group>
            <file>file:/C:/Users/user/Documents/NetBeansProjects/ADH401T_Assignment1/web/home-page.jsp</file>
            <file>file:/C:/Users/user/Documents/NetBeansProjects/ADH401T_Assignment1/src/java/com/google/www/Employees.java</file>
            <file>file:/C:/Users/user/Documents/NetBeansProjects/ADH401T_Assignment1/src/java/com/google/www/RetrievalDbUtil.java</file>
            <file>file:/C:/Users/user/Documents/NetBeansProjects/ADH401T_Assignment1/web/index.html</file>
            <file>file:/C:/Users/user/Documents/NetBeansProjects/ADH401T_Assignment1/src/java/com/google/www/MyLogin.java</file>
        </group>
    </open-files>
</project-private>
